qc_id,medidor,ilicito,mt,anom_slect,anom_clect,comentario,fecha,hora,lat y,lon x,icon_url
"0",006mu0,NO,NO,NA,C5-SinSello,,2021/11/01,12:45:24,25.68274,-100.34319,./0.png
"1",008dpx,NO,NO,NA,NA,,2021/11/01,2:45:50,25.67659,-100.33786,./0.png
"2",0130ry,NO,NO,NA,M-Obsoleto,,2021/11/01,12:51:26,25.68167,-100.34332,./0.png
"3",0168vc,NO,NO,NA,NA,,2021/11/01,1:42:25,25.6782,-100.3387,./0.png
"4",029bly,NO,NO,NA,NA,,2021/11/01,2:26:02,25.67626,-100.338,./0.png
"5",02y73v,NO,NO,NA,NA,,2021/11/01,12:52:47,25.68283,-100.34303,./0.png
"6",033he6,NO,NO,NA,NA,,2021/11/01,2:11:47,25.67721,-100.33873,./0.png
"7",040dpx,NO,NO,NA,NA,,2021/11/01,1:08:32,25.68235,-100.3433,./0.png
"8",063b8v,NO,NO,NA,C5-SinSello,,2021/11/01,12:29:00,25.68411,-100.34299,./0.png
"9",06e3n3,NO,SI,NA,NA,,2021/11/01,12:56:20,25.68213,-100.34284,./0.png
"10",06x6a3,NO,NO,NA,C5-SinSello,,2021/11/01,12:36:59,25.68315,-100.34309,./0.png
"11",070hau,NO,NO,NA,NA,ok,2021/11/01,1:46:45,25.68279,-100.3455,./0.png
"12",073b4v,NO,NO,NA,NA,ok,2021/11/01,12:42:20,25.68296,-100.34407,./0.png
"13",09w37j,NO,NO,NA,NA,,2021/11/01,1:25:59,25.67713,-100.33978,./0.png
"14",0c158c,NO,NO,NA,NA,,2021/11/01,12:42:27,25.68342,-100.34161,./0.png
"15",0d004b,NO,NO,NA,C5-SinSello,,2021/11/01,1:00:07,25.68193,-100.34259,./0.png
"16",0r519j,NO,NO,NA,NA,ok,2021/11/01,12:53:15,25.68151,-100.34363,./0.png
"17",0t187l,NO,NO,NA,NA,,2021/11/01,1:28:29,25.67774,-100.33941,./0.png
"18",0w82u4,NO,NO,NA,C5-SinSello,,2021/11/01,12:52:41,25.68151,-100.34363,./0.png
"19",0yw934,NO,NO,NA,NA,,2021/11/01,1:43:15,25.67807,-100.33834,./0.png
"20",102mu5,NO,NO,NA,NA,,2021/11/01,2:46:35,25.67742,-100.33783,./0.png
"21",109n7j,NO,NO,NA,NA,,2021/11/01,12:43:46,25.68344,-100.34144,./0.png
"22","116803",NO,NO,NA,C8-BaseA,,2021/11/01,2:39:45,25.67703,-100.33819,./0.png
"23",117n8j,NO,NO,NA,NA,,2021/11/01,1:16:20,25.67754,-100.34099,./0.png
"24",11ef44,NO,NO,NA,C5-SinSello,,2021/11/01,1:06:52,25.68224,-100.34408,./0.png
"25",120n5j,NO,NO,NA,NA,,2021/11/01,1:16:10,25.67754,-100.34099,./0.png
"26",120vg9,NO,NO,NA,NA,ok,2021/11/01,12:53:50,25.68269,-100.3437,./0.png
"27",124n0j,NO,NO,NA,NA,,2021/11/01,1:16:54,25.6777,-100.34084,./0.png
"28",12d0r1,NO,NO,NA,C5-SinSello,,2021/11/01,1:08:15,25.68223,-100.34428,./0.png
"29",12p2c7,NO,NO,NA,NA,,2021/11/01,1:32:24,25.67735,-100.33936,./0.png
"30",134n3j,NO,NO,NA,NA,,2021/11/01,1:16:35,25.67754,-100.34099,./0.png
"31",139bly,NO,NO,NA,NA,ok,2021/11/01,12:56:08,25.68163,-100.34421,./0.png
"32",139dpx,NO,NO,NA,NA,,2021/11/01,1:09:29,25.68222,-100.34333,./0.png
"33",13h75u,NO,NO,NA,NA,,2021/11/01,1:16:58,25.68235,-100.34451,./0.png
"34",145wu0,NO,NO,NA,NA,,2021/11/01,2:24:01,25.67637,-100.33833,./0.png
"35",14c2w4,NO,NO,NA,NA,,2021/11/01,2:24:37,25.67637,-100.33833,./0.png
"36",14nl24,NO,NO,NA,NA,,2021/11/01,2:43:24,25.67678,-100.33771,./0.png
"37",157jcr,NO,NO,NA,NA,,2021/11/01,2:51:24,25.67704,-100.33737,./0.png
"38",159g1f,NO,NO,NA,C5-SinSello,,2021/11/01,12:36:49,25.68315,-100.34309,./0.png
"39",162af3,NO,NO,NA,NA,ok,2021/11/01,1:52:44,25.68198,-100.34592,./0.png
"40",167tru,NO,NO,NA,C5-SinSello,,2021/11/01,1:01:50,25.68196,-100.343,./0.png
"41",168gm3,NO,NO,NA,NA,,2021/11/01,2:52:26,25.67686,-100.33665,./0.png
"42",173x8b,NO,NO,NA,NA,,2021/11/01,1:19:43,25.67756,-100.34078,./0.png
"43",174x5b,NO,NO,NA,NA,,2021/11/01,1:19:54,25.67731,-100.34041,./0.png
"44",175x5b,NO,NO,NA,NA,,2021/11/01,1:20:26,25.67731,-100.34041,./0.png
"45",17h01r,NO,SI,NA,NA,ok,2021/11/01,12:53:39,25.68154,-100.34379,./0.png
"46",182x4b,NO,NO,NA,NA,,2021/11/01,1:20:05,25.67731,-100.34041,./0.png
"47",188x0b,NO,NO,NA,NA,,2021/11/01,1:20:16,25.67731,-100.34041,./0.png
"48",1b457x,NO,NO,NA,NA,,2021/11/01,2:19:08,25.67675,-100.33844,./0.png
"49",1e45p1,NO,NO,NA,NA,,2021/11/01,1:36:32,25.6777,-100.33871,./0.png
"50",1j383x,NO,NO,NA,NA,,2021/11/01,2:18:02,25.67675,-100.33844,./0.png
"51",1jf003,NO,NO,NA,M-Obsoleto,,2021/11/01,1:49:53,25.68269,-100.34591,./0.png
"52",1nd090,NO,NO,NA,NA,,2021/11/01,1:19:52,25.67743,-100.34051,./0.png
"53",1nd776,NO,NO,NA,NA,,2021/11/01,2:43:03,25.67713,-100.33774,./0.png
"54",1t810d,NO,NO,NA,C5-SinSello,,2021/11/01,12:30:10,25.68375,-100.34212,./0.png
"55",1w24u5,NO,NO,NA,NA,,2021/11/01,1:32:01,25.67711,-100.33908,./0.png
"56",1w413e,NO,NO,NA,NA,,2021/11/01,1:53:04,25.68207,-100.34573,./0.png
"57",203gp9,NO,NO,NA,NA,ok,2021/11/01,12:40:33,25.68335,-100.34144,./0.png
"58",206fka,NO,NO,NA,NA,,2021/11/01,2:44:40,25.67737,-100.33763,./0.png
"59",219ve3,NO,NO,NA,NA,,2021/11/01,2:28:19,25.67694,-100.33829,./0.png
"60",21w32a,NO,NO,NA,NA,,2021/11/01,1:54:59,25.68175,-100.34601,./0.png
"61",224ve5,NO,NO,NA,NA,,2021/11/01,2:28:07,25.67694,-100.33829,./0.png
"62",226gp9,NO,NO,NA,C5-SinSello,,2021/11/01,12:38:41,25.68342,-100.34174,./0.png
"63",231ad1,NO,SI,NA,NA,,2021/11/01,12:08:44,25.67663,-100.34157,./0.png
"64",237w8y,NO,NO,NA,NA,,2021/11/01,1:22:24,25.67736,-100.34032,./0.png
"65",23e70c,NO,NO,NA,NA,,2021/11/01,1:35:52,25.67763,-100.33889,./0.png
"66",23ph61,NO,NO,NA,NA,,2021/11/01,12:44:49,25.68334,-100.34127,./0.png
"67",257gyw,NO,NO,NA,NA,ok,2021/11/01,1:52:28,25.68198,-100.34592,./0.png
"68",25m4v5,NO,NO,NA,NA,,2021/11/01,2:39:30,25.67713,-100.33803,./0.png
"69",26d2d3,NO,NO,NA,NA,ok,2021/11/01,1:07:47,25.68223,-100.34428,./0.png
"70",27m6k8,NO,NO,NA,NA,,2021/11/01,12:31:19,25.68412,-100.34258,./0.png
"71",29d6c8,NO,NO,NA,NA,ok,2021/11/01,1:08:02,25.68223,-100.34428,./0.png
"72",29h74e,NO,NO,NA,NA,,2021/11/01,2:43:19,25.67713,-100.33774,./0.png
"73",2a0p14,NO,SI,NA,NA,iglesia,2021/11/01,1:01:01,25.68152,-100.34323,./0.png
"74",2a0y84,NO,NO,NA,NA,,2021/11/01,2:29:47,25.67727,-100.33821,./0.png
"75",2a5x30,NO,NO,NA,NA,ok,2021/11/01,12:41:40,25.68296,-100.34407,./0.png
"76",2a5x30,NO,NO,NA,NA,ok,2021/11/01,12:49:13,25.68301,-100.34339,./0.png
"77",2c51c9,NO,NO,NA,NA,,2021/11/01,1:41:43,25.67794,-100.33858,./0.png
"78",2f55l9,NO,NO,NA,NA,,2021/11/01,2:30:02,25.67774,-100.33819,./0.png
"79",2f7b58,NO,NO,NA,NA,,2021/11/01,1:37:19,25.6777,-100.33871,./0.png
"80",2n2v37,NO,NO,NA,NA,,2021/11/01,2:23:48,25.67614,-100.33797,./0.png
"81",2t191r,NO,NO,NA,NA,,2021/11/01,1:15:24,25.67766,-100.34083,./0.png
"82",2u941v,NO,NO,NA,NA,,2021/11/01,12:50:24,25.68323,-100.34194,./0.png
"83",2w2v71,NO,NO,NA,NA,,2021/11/01,2:23:00,25.67613,-100.33833,./0.png
"84",2w48u6,NO,NO,NA,NA,,2021/11/01,2:20:41,25.67634,-100.33856,./0.png
"85",2w5a40,NO,NO,NA,NA,ok,2021/11/01,1:10:03,25.68232,-100.34487,./0.png
"86",2x2t36,NO,NO,NA,NA,,2021/11/01,1:19:25,25.67743,-100.34051,./0.png
"87",2x3t58,NO,NO,NA,C5-SinSello,,2021/11/01,12:36:53,25.68345,-100.34191,./0.png
"88",2x4e66,NO,NO,NA,NA,,2021/11/01,12:58:33,25.68207,-100.34253,./0.png
"89",30e12k,NO,NO,NA,NA,,2021/11/01,1:20:29,25.67743,-100.34051,./0.png
"90",30f05e,NO,NO,NA,C5-SinSello,,2021/11/01,12:39:58,25.68335,-100.34144,./0.png
"91",30h26u,NO,NO,NA,NA,ok,2021/11/01,1:46:17,25.68278,-100.34588,./0.png
"92",31h88u,NO,SI,NA,NA,,2021/11/01,12:48:37,25.68336,-100.34203,./0.png
"93",32rd94,NO,NO,NA,NA,,2021/11/01,2:50:56,25.67695,-100.33673,./0.png
"94",341w8y,NO,NO,NA,NA,,2021/11/01,1:19:30,25.67756,-100.34078,./0.png
"95",35h35x,NO,SI,NA,NA,,2021/11/01,2:06:44,25.67673,-100.33901,./0.png
"96",3610ry,NO,NO,NA,M-Obsoleto,,2021/11/01,12:36:16,25.68367,-100.34242,./0.png
"97",36m6j9,NO,NO,NA,C5-SinSello,,2021/11/01,12:30:34,25.68396,-100.34295,./0.png
"98",37d4n4,NO,NO,NA,NA,ok,2021/11/01,1:06:17,25.68229,-100.34383,./0.png
"99",37v88y,NO,NO,NA,NA,,2021/11/01,1:29:55,25.67716,-100.33924,./0.png
"100",382ve2,NO,NO,NA,C5-SinSello,,2021/11/01,12:38:18,25.68342,-100.34174,./0.png
"101",385gm9,NO,NO,NA,NA,,2021/11/01,12:31:46,25.68412,-100.34258,./0.png
"102",385l7b,NO,NO,NA,NA,ok,2021/11/01,1:46:26,25.68278,-100.34589,./0.png
"103",387gm5,NO,NO,NA,NA,,2021/11/01,2:52:39,25.67686,-100.33665,./0.png
"104",38d2r9,NO,NO,NA,NA,,2021/11/01,2:46:56,25.67742,-100.33783,./0.png
"105",38e6l0,NO,SI,NA,NA,,2021/11/01,1:54:09,25.68205,-100.34586,./0.png
"106",38xn95,NO,NO,NA,NA,,2021/11/01,1:52:52,25.68219,-100.34561,./0.png
"107",39e8l2,NO,SI,NA,NA,ok,2021/11/01,1:43:29,25.6833,-100.34572,./0.png
"108",3e9w38,NO,NO,NA,NA,,2021/11/01,2:31:23,25.67771,-100.33806,./0.png
"109",3en803,NO,NO,NA,NA,,2021/11/01,1:21:10,25.67731,-100.34041,./0.png
"110",3f27l2,NO,NO,NA,NA,,2021/11/01,2:17:13,25.67689,-100.33853,./0.png
"111",3g1y13,NO,NO,NA,NA,,2021/11/01,2:37:17,25.67769,-100.33828,./0.png
"112",3n207b,NO,NO,NA,NA,,2021/11/01,2:45:24,25.67659,-100.33786,./0.png
"113",3n6j75,NO,NO,NA,NA,,2021/11/01,1:32:06,25.67735,-100.33936,./0.png
"114",3nb284,NO,NO,NA,NA,,2021/11/01,12:42:49,25.68342,-100.34161,./0.png
"115",3r609u,NO,NO,NA,NA,,2021/11/01,1:33:11,25.6771,-100.33912,./0.png
"116",3r656u,NO,NO,NA,NA,,2021/11/01,1:41:15,25.67802,-100.33878,./0.png
"117",3r698u,NO,NO,NA,NA,,2021/11/01,1:40:46,25.67802,-100.33878,./0.png
"118",3tj070,NO,NO,NA,NA,,2021/11/01,2:04:31,25.67674,-100.33864,./0.png
"119",3v79w8,NO,NO,NA,NA,,2021/11/01,1:36:44,25.67763,-100.33889,./0.png
"120",419ftc,NO,NO,NA,NA,,2021/11/01,12:33:02,25.68415,-100.34227,./0.png
"121",41bk81,NO,NO,NA,NA,,2021/11/01,2:39:20,25.67703,-100.33819,./0.png
"122",41y65x,NO,NO,NA,NA,,2021/11/01,1:27:26,25.67744,-100.33937,./0.png
"123",425kd8,NO,SI,NA,NA,,2021/11/01,1:12:40,25.68239,-100.34423,./0.png
"124",42w64c,NO,NO,NA,NA,ok,2021/11/01,1:52:04,25.68211,-100.34582,./0.png
"125",431tjk,NO,NO,NA,NA,,2021/11/01,1:30:40,25.67721,-100.33908,./0.png
"126",432mu0,NO,NO,NA,C5-SinSello,,2021/11/01,12:35:55,25.6834,-100.34306,./0.png
"127",434tn6,NO,NO,NA,NA,,2021/11/01,2:29:51,25.67757,-100.33832,./0.png
"128",444w8y,NO,NO,NA,NA,,2021/11/01,12:44:03,25.68344,-100.34144,./0.png
"129",449gm6,NO,NO,NA,NA,,2021/11/01,1:20:45,25.67724,-100.34037,./0.png
"130",44d4k6,NO,NO,NA,NA,,2021/11/01,2:42:10,25.67717,-100.33779,./0.png
"131",44y87v,NO,NO,NA,NA,,2021/11/01,2:15:03,25.67699,-100.33834,./0.png
"132",44y87v,NO,NO,NA,NA,,2021/11/01,2:15:59,25.67699,-100.33834,./0.png
"133",450gm7,NO,NO,NA,NA,,2021/11/01,1:09:04,25.68222,-100.34333,./0.png
"134",45w36e,NO,NO,NA,C9-CUbOpacoConLec,,2021/11/01,12:28:25,25.68441,-100.34288,./0.png
"135",461jy7,NO,NO,NA,NA,ok,2021/11/01,12:37:10,25.68315,-100.34309,./0.png
"136",462xaj,NO,NO,NA,NA,,2021/11/01,1:33:28,25.67726,-100.33918,./0.png
"137",463jy6,NO,NO,NA,C5-SinSello,,2021/11/01,12:50:32,25.68194,-100.34325,./0.png
"138",480frj,NO,NO,NA,NA,ok,2021/11/01,1:59:09,25.68226,-100.34515,./0.png
"139",484ae1,NO,NO,NA,C5-SinSello,,2021/11/01,1:45:56,25.68278,-100.34588,./0.png
"140",487fkb,NO,NO,NA,NA,,2021/11/01,12:33:30,25.67673,-100.34103,./0.png
"141",48rp93,NO,SI,NA,NA,,2021/11/01,2:48:46,25.67688,-100.33711,./0.png
"142",497rtk,NO,SI,NA,NA,,2021/11/01,2:01:59,25.68178,-100.34565,./0.png
"143",49e86r,NO,NO,NA,NA,,2021/11/01,1:39:24,25.67809,-100.3387,./0.png
"144",4a3t59,NO,NO,NA,NA,,2021/11/01,12:33:07,25.6768,-100.34113,./0.png
"145",4e64e3,NO,NO,NA,NA,,2021/11/01,1:32:54,25.67735,-100.33936,./0.png
"146",4f22n6,NO,NO,NA,NA,,2021/11/01,1:08:00,25.68235,-100.3433,./0.png
"147",4l18g4,NO,NO,NA,NA,,2021/11/01,1:48:09,25.68287,-100.346,./0.png
"148",4ml889,NO,NO,NA,NA,,2021/11/01,2:26:14,25.6769,-100.33835,./0.png
"149",4p1g53,NO,NO,NA,NA,,2021/11/01,12:07:56,25.67672,-100.34161,./0.png
"150",4t089v,NO,NO,NA,NA,,2021/11/01,2:39:56,25.67713,-100.33803,./0.png
"151",4t494j,NO,NO,NA,NA,,2021/11/01,2:50:15,25.67695,-100.33673,./0.png
"152",4tj094,NO,NO,NA,NA,,2021/11/01,2:45:08,25.67737,-100.33763,./0.png
"153",4tj095,NO,NO,NA,NA,,2021/11/01,2:45:39,25.67758,-100.33772,./0.png
"154",4u750w,NO,NO,NA,NA,,2021/11/01,12:40:59,25.68328,-100.34187,./0.png
"155",502bly,NO,NO,NA,NA,ok,2021/11/01,1:45:58,25.68278,-100.34589,./0.png
"156",505t7e,NO,NO,NA,C5-SinSello,,2021/11/01,2:02:51,25.68179,-100.34523,./0.png
"157",506hd0,NO,NO,NA,NA,,2021/11/01,2:24:45,25.67614,-100.33797,./0.png
"158",512ftc,NO,NO,NA,NA,,2021/11/01,12:33:21,25.68415,-100.34227,./0.png
"159",515tjl,NO,NO,NA,NA,ok,2021/11/01,1:51:28,25.68211,-100.34582,./0.png
"160",519am7,NO,NO,NA,NA,,2021/11/01,1:41:23,25.67794,-100.33858,./0.png
"161",53m6j8,NO,NO,NA,NA,,2021/11/01,2:14:41,25.67704,-100.33835,./0.png
"162",53m6j8,NO,NO,NA,NA,,2021/11/01,2:14:42,25.67704,-100.33835,./0.png
"163",549x3m,NO,NO,NA,NA,,2021/11/01,1:12:49,25.67707,-100.34067,./0.png
"164",550gd9,NO,NO,NA,NA,,2021/11/01,2:42:25,25.67705,-100.33783,./0.png
"165",551x3m,NO,NO,NA,NA,,2021/11/01,1:13:20,25.67704,-100.34075,./0.png
"166",554jdw,NO,NO,NA,NA,ok,2021/11/01,12:36:27,25.68367,-100.34242,./0.png
"167",555ac0,NO,SI,NA,NA,,2021/11/01,1:12:28,25.68244,-100.34405,./0.png
"168",576lfu,NO,SI,NA,NA,,2021/11/01,1:08:58,25.68227,-100.34445,./0.png
"169",580t4m,NO,NO,NA,NA,ok,2021/11/01,12:36:36,25.68315,-100.34309,./0.png
"170",584g0f,NO,NO,NA,NA,,2021/11/01,2:48:17,25.67688,-100.33711,./0.png
"171",5863ry,NO,NO,NA,NA,,2021/11/01,12:33:41,25.68415,-100.34227,./0.png
"172",592rf3,NO,NO,NA,NA,,2021/11/01,1:35:07,25.67703,-100.33878,./0.png
"173",59e5k8,NO,SI,NA,NA,,2021/11/01,2:49:35,25.67693,-100.33741,./0.png
"174",5ex314,NO,NO,NA,NA,,2021/11/01,2:37:04,25.67782,-100.33814,./0.png
"175",5f76w9,NO,NO,NA,NA,,2021/11/01,2:28:53,25.67731,-100.33822,./0.png
"176",5g4y56,NO,NO,NA,NA,,2021/11/01,1:37:17,25.67763,-100.33889,./0.png
"177",5nf113,NO,NO,NA,NA,,2021/11/01,1:38:21,25.67782,-100.33872,./0.png
"178",5t804a,NO,NO,NA,NA,,2021/11/01,1:40:34,25.67802,-100.33878,./0.png
"179",5t983a,NO,NO,NA,NA,,2021/11/01,2:14:49,25.67699,-100.33834,./0.png
"180",5t985a,NO,NO,NA,NA,,2021/11/01,2:45:14,25.67659,-100.33786,./0.png
"181",602fjx,NO,NO,NA,NA,,2021/11/01,2:23:00,25.67617,-100.33814,./0.png
"182",602jy8,NO,NO,NA,NA,,2021/11/01,2:30:08,25.67757,-100.33832,./0.png
"183",603tfp,NO,NO,NA,NA,,2021/11/01,2:49:41,25.67705,-100.33693,./0.png
"184",606pfr,NO,NO,NA,NA,,2021/11/01,12:41:25,25.68328,-100.34187,./0.png
"185",60nf12,NO,NO,NA,C5-SinSello,,2021/11/01,12:30:24,25.68375,-100.34212,./0.png
"186",60pv42,NO,NO,NA,NA,,2021/11/01,1:30:08,25.67799,-100.33927,./0.png
"187",612w7x,NO,NO,NA,NA,ok,2021/11/01,1:49:02,25.6824,-100.34546,./0.png
"188",61p6f7,NO,NO,NA,NA,,2021/11/01,12:40:18,25.68418,-100.3424,./0.png
"189",61re70,NO,NO,NA,NA,ok,2021/11/01,1:51:24,25.68187,-100.34594,./0.png
"190",61re77,NO,NO,NA,C5-SinSello,,2021/11/01,12:48:33,25.68218,-100.34325,./0.png
"191",62nf53,NO,NO,NA,NA,,2021/11/01,1:11:32,25.68244,-100.34405,./0.png
"192",633tfp,NO,NO,NA,NA,ok,2021/11/01,1:46:30,25.68278,-100.34588,./0.png
"193",63b2y3,NO,NO,NA,NA,,2021/11/01,2:51:45,25.67695,-100.33673,./0.png
"194",63ef69,NO,NO,NA,C5-SinSello,,2021/11/01,1:07:03,25.68224,-100.34408,./0.png
"195",648dyr,NO,NO,NA,NA,,2021/11/01,12:33:18,25.6768,-100.34113,./0.png
"196",64rn41,NO,NO,NA,C5-SinSello,,2021/11/01,12:32:54,25.68422,-100.34293,./0.png
"197",64x34p,NO,NO,NA,NA,,2021/11/01,2:18:17,25.67675,-100.33844,./0.png
"198",662ve5,NO,NO,NA,NA,,2021/11/01,2:28:45,25.67727,-100.33821,./0.png
"199",66d6c5,NO,NO,NA,NA,,2021/11/01,2:22:31,25.67613,-100.33833,./0.png
"200",671ve8,NO,NO,NA,NA,,2021/11/01,2:36:50,25.67769,-100.33828,./0.png
"201",676jew,NO,NO,NA,NA,,2021/11/01,1:11:03,25.68225,-100.34347,./0.png
"202",677bjd,NO,NO,NA,NA,ok,2021/11/01,12:39:23,25.68292,-100.34356,./0.png
"203",677bjd,NO,NO,NA,NA,ok,2021/11/01,12:51:03,25.68302,-100.34398,./0.png
"204",677blj,NO,SI,NA,NA,oxxo,2021/11/01,1:43:04,25.68281,-100.34567,./0.png
"205",680rg1,NO,NO,NA,NA,,2021/11/01,12:32:31,25.68405,-100.34249,./0.png
"206",684hat,NO,NO,NA,NA,,2021/11/01,1:16:46,25.68235,-100.34451,./0.png
"207",686fkj,NO,NO,NA,C5-SinSello,,2021/11/01,12:50:21,25.68298,-100.34387,./0.png
"208",686fkj,NO,NO,NA,NA,ok,2021/11/01,12:40:06,25.68298,-100.34379,./0.png
"209",687jy6,NO,NO,NA,NA,,2021/11/01,1:08:53,25.68222,-100.34333,./0.png
"210",68y50v,NO,NO,NA,NA,,2021/11/01,1:08:41,25.68222,-100.34333,./0.png
"211",695m8y,NO,NO,NA,NA,,2021/11/01,1:33:07,25.67735,-100.33936,./0.png
"212",69c9d8,NO,NO,NA,NA,ok,2021/11/01,12:54:59,25.6816,-100.34417,./0.png
"213",69h37e,NO,NO,NA,NA,,2021/11/01,1:28:43,25.67774,-100.33941,./0.png
"214",6a0k49,NO,NO,NA,NA,ok,2021/11/01,12:56:23,25.68163,-100.34421,./0.png
"215",6b760k,NO,NO,NA,NA,,2021/11/01,1:38:41,25.67796,-100.33876,./0.png
"216",6c294b,NO,NO,NA,NA,,2021/11/01,1:16:59,25.67775,-100.34077,./0.png
"217",6c904r,NO,NO,NA,NA,,2021/11/01,2:23:39,25.67637,-100.33833,./0.png
"218",6em903,NO,NO,NA,NA,,2021/11/01,2:16:51,25.67689,-100.33853,./0.png
"219",6m113t,NO,NO,NA,NA,,2021/11/01,2:25:13,25.67629,-100.33832,./0.png
"220",6m151t,NO,NO,NA,C5-SinSello,,2021/11/01,12:30:50,25.68396,-100.34295,./0.png
"221",6n3w77,NO,NO,NA,NA,,2021/11/01,2:48:11,25.6772,-100.33765,./0.png
"222",6r851j,NO,NO,NA,C5-SinSello,,2021/11/01,1:00:21,25.68193,-100.34259,./0.png
"223",701fkf,NO,NO,NA,NA,,2021/11/01,2:39:56,25.67703,-100.33819,./0.png
"224",70n1u3,NO,NO,NA,C5-SinSello,,2021/11/01,12:35:58,25.68367,-100.34242,./0.png
"225",716pfn,NO,NO,NA,C5-SinSello,,2021/11/01,1:06:35,25.68224,-100.34408,./0.png
"226",71e75j,NO,NO,NA,NA,,2021/11/01,2:14:14,25.67704,-100.33835,./0.png
"227",71m8h1,NO,NO,NA,NA,,2021/11/01,12:51:28,25.68285,-100.34262,./0.png
"228",71x01n,NO,NO,NA,C5-SinSello,,2021/11/01,1:49:41,25.68269,-100.34591,./0.png
"229",72c4d5,NO,NO,NA,C6-CristalRoto,,2021/11/01,12:33:45,25.68343,-100.34307,./0.png
"230",743rf7,NO,NO,NA,NA,,2021/11/01,2:16:32,25.67689,-100.33853,./0.png
"231",744w5y,NO,NO,NA,NA,,2021/11/01,2:23:20,25.67613,-100.33833,./0.png
"232",745drh,NO,NO,NA,NA,,2021/11/01,1:04:24,25.68225,-100.34286,./0.png
"233",74y29v,NO,NO,NA,NA,,2021/11/01,2:52:09,25.67686,-100.33665,./0.png
"234",74y34v,NO,NO,NA,NA,,2021/11/01,1:22:31,25.67724,-100.34009,./0.png
"235",7588vn,NO,NO,NA,NA,,2021/11/01,1:42:14,25.6782,-100.3387,./0.png
"236",758rh3,NO,NO,NA,C5-SinSello,,2021/11/01,12:26:48,25.68432,-100.34323,./0.png
"237",759lft,NO,NO,NA,C5-SinSello,,2021/11/01,1:14:01,25.68221,-100.34444,./0.png
"238",759y5d,NO,NO,NA,NA,,2021/11/01,12:55:33,25.68213,-100.34284,./0.png
"239",7732m1,NO,NO,NA,NA,ok,2021/11/01,1:51:43,25.68187,-100.34594,./0.png
"240",77e2m1,NO,NO,NA,NA,correcto,2021/11/01,1:52:00,25.68187,-100.34594,./0.png
"241",77m2h0,NO,NO,NA,NA,,2021/11/01,1:33:19,25.67726,-100.33918,./0.png
"242",796g9v,NO,SI,NA,NA,,2021/11/01,12:05:59,25.67712,-100.34197,./0.png
"243",79y06w,NO,NO,NA,NA,,2021/11/01,1:13:09,25.68239,-100.34423,./0.png
"244",7c552u,NO,NO,NA,NA,,2021/11/01,2:25:25,25.67626,-100.338,./0.png
"245",7l01e1,NO,SI,NA,NA,,2021/11/01,12:53:12,25.68283,-100.34303,./0.png
"246",7m319p,NO,NO,NA,NA,,2021/11/01,12:55:08,25.68221,-100.34294,./0.png
"247",7n5r07,NO,NO,NA,NA,,2021/11/01,1:14:01,25.67704,-100.34075,./0.png
"248",7t476j,NO,NO,NA,C5-SinSello,,2021/11/01,12:57:12,25.68171,-100.3445,./0.png
"249",7t504h,NO,NO,NA,NA,,2021/11/01,2:17:55,25.67674,-100.33834,./0.png
"250",7t852n,NO,NO,NA,NA,,2021/11/01,1:21:35,25.67731,-100.34041,./0.png
"251",7t971n,NO,NO,NA,NA,,2021/11/01,2:16:36,25.67693,-100.33834,./0.png
"252",7te566,NO,NO,NA,NA,,2021/11/01,2:30:29,25.67764,-100.33812,./0.png
"253",8070rm,NO,NO,NA,NA,,2021/11/01,2:52:37,25.67714,-100.33734,./0.png
"254",80c5l6,NO,NO,NA,NA,ok,2021/11/01,12:54:47,25.6816,-100.34417,./0.png
"255",812jy9,NO,NO,NA,C5-SinSello,,2021/11/01,12:31:48,25.68386,-100.34295,./0.png
"256",823jy6,NO,NO,NA,NA,,2021/11/01,2:18:31,25.67674,-100.33834,./0.png
"257",823lfr,NO,NO,NA,NA,,2021/11/01,12:58:50,25.68207,-100.34253,./0.png
"258",829rf0,NO,NO,NA,NA,,2021/11/01,2:22:47,25.67613,-100.33833,./0.png
"259",82d0u8,NO,NO,NA,C5-SinSello,,2021/11/01,12:54:44,25.68269,-100.3437,./0.png
"260",83re07,NO,SI,NA,NA,ok,2021/11/01,1:59:57,25.68176,-100.34522,./0.png
"261",841g8f,NO,NO,NA,NA,,2021/11/01,1:09:42,25.6823,-100.34341,./0.png
"262",841rf9,NO,NO,NA,NA,,2021/11/01,1:22:02,25.67724,-100.34009,./0.png
"263",843jy4,NO,NO,NA,C5-SinSello,,2021/11/01,12:54:01,25.68269,-100.3437,./0.png
"264",847y9d,NO,NO,NA,C5-SinSello,,2021/11/01,12:29:41,25.68375,-100.34212,./0.png
"265",853t4m,NO,NO,NA,NA,,2021/11/01,1:15:58,25.67754,-100.34099,./0.png
"266",854drd,NO,NO,NA,C5-SinSello,,2021/11/01,12:43:43,25.68287,-100.34367,./0.png
"267",854drd,NO,NO,NA,C5-SinSello,,2021/11/01,12:47:51,25.68401,-100.34176,./0.png
"268",856b3u,NO,NO,NA,NA,,2021/11/01,2:50:29,25.67695,-100.33673,./0.png
"269",858drd,NO,NO,NA,C5-SinSello,,2021/11/01,12:32:41,25.68422,-100.34293,./0.png
"270",858re9,NO,NO,NA,NA,,2021/11/01,1:26:56,25.67721,-100.33951,./0.png
"271",85p0e7,NO,NO,NA,C5-SinSello,,2021/11/01,12:26:37,25.68432,-100.34323,./0.png
"272",860drh,NO,NO,NA,NA,,2021/11/01,1:29:25,25.67774,-100.33941,./0.png
"273",89n0p9,NO,NO,NA,NA,,2021/11/01,1:09:16,25.68222,-100.34333,./0.png
"274",89nk78,NO,NO,NA,NA,,2021/11/01,2:23:25,25.67617,-100.33814,./0.png
"275",8a044y,NO,NO,NA,NA,,2021/11/01,1:27:42,25.67715,-100.33933,./0.png
"276",8b293t,NO,NO,NA,NA,,2021/11/01,1:36:19,25.67763,-100.33889,./0.png
"277",8ja474,NO,NO,NA,NA,,2021/11/01,12:57:36,25.68209,-100.34257,./0.png
"278",8k83v2,NO,NO,NA,NA,,2021/11/01,1:03:20,25.68211,-100.34311,./0.png
"279",8l07c9,NO,NO,NA,NA,,2021/11/01,2:06:55,25.68234,-100.34538,./0.png
"280",8l87p4,NO,NO,NA,NA,,2021/11/01,2:49:14,25.67705,-100.33693,./0.png
"281",8n2e04,NO,NO,NA,C5-SinSello,,2021/11/01,12:31:33,25.68386,-100.34295,./0.png
"282",8r618j,NO,NO,NA,NA,,2021/11/01,2:53:13,25.67711,-100.33727,./0.png
"283",8r983j,NO,NO,NA,C5-SinSello,,2021/11/01,12:55:52,25.68217,-100.3427,./0.png
"284",8t507c,NO,NO,NA,NA,,2021/11/01,1:13:10,25.67707,-100.34067,./0.png
"285",8w63r5,NO,NO,NA,C5-SinSello,,2021/11/01,12:30:34,25.68375,-100.34212,./0.png
"286",8x5b56,NO,NO,NA,NA,,2021/11/01,12:36:24,25.68393,-100.3427,./0.png
"287",8xe800,NO,NO,NA,NA,,2021/11/01,2:43:05,25.67678,-100.33771,./0.png
"288",906drb,NO,NO,NA,C5-SinSello,,2021/11/01,12:45:06,25.68274,-100.34319,./0.png
"289",90c2l5,NO,NO,NA,NA,,2021/11/01,12:36:08,25.68393,-100.3427,./0.png
"290",90nl55,NO,NO,NA,C5-SinSello,,2021/11/01,12:30:17,25.68375,-100.34212,./0.png
"291",91r45v,NO,NO,NA,NA,,2021/11/01,2:11:49,25.67718,-100.33878,./0.png
"292",944n5j,NO,NO,NA,NA,,2021/11/01,1:36:46,25.6777,-100.33871,./0.png
"293",94v59x,NO,NO,NA,C5-SinSello,,2021/11/01,12:29:53,25.68375,-100.34212,./0.png
"294",955fru,NO,NO,NA,C5-SinSello,,2021/11/01,12:37:44,25.68345,-100.34191,./0.png
"295",958ftc,NO,NO,NA,NA,,2021/11/01,12:32:47,25.68405,-100.34249,./0.png
"296",963ab9,NO,NO,NA,NA,,2021/11/01,12:53:49,25.68237,-100.34304,./0.png
"297",96n6c3,NO,NO,NA,NA,,2021/11/01,2:25:57,25.67668,-100.33825,./0.png
"298",97n7c6,NO,NO,NA,NA,,2021/11/01,1:12:38,25.67707,-100.34067,./0.png
"299",989wt8,NO,NO,NA,NA,,2021/11/01,12:43:09,25.68336,-100.34163,./0.png
"300",989wt9,NO,NO,NA,C5-SinSello,,2021/11/01,1:01:19,25.68193,-100.34259,./0.png
"301",9b280n,NO,NO,NA,NA,,2021/11/01,1:31:46,25.67711,-100.33908,./0.png
"302",9b330n,NO,NO,NA,C5-SinSello,,2021/11/01,1:49:29,25.68269,-100.34591,./0.png
"303",9b343n,NO,NO,NA,NA,,2021/11/01,1:31:34,25.67711,-100.33908,./0.png
"304",9b353n,NO,NO,NA,NA,,2021/11/01,1:32:15,25.67711,-100.33908,./0.png
"305",9b961n,NO,NO,NA,NA,,2021/11/01,1:14:07,25.68278,-100.34436,./0.png
"306",9bc313,NO,NO,NA,NA,,2021/11/01,1:04:51,25.68225,-100.34286,./0.png
"307",9j479h,NO,NO,NA,NA,,2021/11/01,1:08:17,25.68235,-100.3433,./0.png
"308",9r644h,NO,NO,NA,NA,,2021/11/01,2:21:27,25.67626,-100.33853,./0.png
"309",9tw249,NO,SI,NA,NA,,2021/11/01,1:23:55,25.67696,-100.3399,./0.png
"310",9xe436,NO,NO,NA,C5-SinSello,,2021/11/01,12:36:21,25.68315,-100.34309,./0.png
"311",b565g0,NO,NO,NA,NA,,2021/11/01,12:32:44,25.6768,-100.34113,./0.png
"312",b770f1,NO,NO,NA,M-Obsoleto,,2021/11/01,12:40:34,25.68298,-100.34379,./0.png
"313",b770f1,NO,NO,NA,M-Obsoleto,,2021/11/01,12:49:57,25.68298,-100.34387,./0.png
"314",b884e6,NO,NO,NA,NA,,2021/11/01,2:22:28,25.67617,-100.33814,./0.png
"315",bc556f,NO,NO,NA,NA,,2021/11/01,2:21:55,25.67627,-100.33806,./0.png
"316",bc680h,NO,NO,NA,NA,ok,2021/11/01,12:35:18,25.6834,-100.34306,./0.png
"317",bc729j,NO,NO,NA,NA,,2021/11/01,2:44:20,25.67737,-100.33763,./0.png
"318",c946w6,NO,NO,NA,NA,,2021/11/01,12:37:44,25.68378,-100.34254,./0.png
"319",cw564f,NO,NO,NA,NA,,2021/11/01,2:28:02,25.67697,-100.33824,./0.png
"320",cx244a,NO,NO,NA,C5-SinSello,,2021/11/01,12:31:07,25.68381,-100.34205,./0.png
"321",d02r06,NO,NO,NA,NA,,2021/11/01,1:52:41,25.68219,-100.34561,./0.png
"322",d06k33,NO,NO,NA,NA,,2021/11/01,2:43:56,25.67678,-100.33771,./0.png
"323",d4479r,NO,NO,NA,NA,,2021/11/01,1:29:38,25.67799,-100.33927,./0.png
"324",d459yd,NO,SI,NA,NA,,2021/11/01,12:06:23,25.67721,-100.34195,./0.png
"325",d460yb,NO,SI,NA,NA,ok,2021/11/01,12:43:24,25.68287,-100.34367,./0.png
"326",d460yb,NO,SI,NA,NA,ok,2021/11/01,12:48:15,25.68301,-100.34339,./0.png
"327",d516yb,NO,SI,NA,NA,,2021/11/01,1:58:13,25.68188,-100.34622,./0.png
"328",d702xb,NO,NO,NA,NA,,2021/11/01,1:24:21,25.67696,-100.3399,./0.png
"329",e8151v,NO,NO,NA,NA,,2021/11/01,12:38:30,25.68378,-100.3426,./0.png
"330",f0r401,NO,NO,NA,NA,,2021/11/01,1:35:42,25.67774,-100.33879,./0.png
"331",f3p571,NO,NO,NA,M-Obsoleto,,2021/11/01,12:29:48,25.68411,-100.34299,./0.png
"332",f3p810,NO,NO,NA,NA,,2021/11/01,1:21:45,25.67736,-100.34032,./0.png
"333",f7p651,NO,NO,NA,NA,,2021/11/01,2:14:21,25.67706,-100.33831,./0.png
"334",f9p316,NO,NO,NA,NA,,2021/11/01,1:12:15,0,0,./0.png
"335",fh091e,NO,NO,NA,NA,,2021/11/01,2:43:37,25.67713,-100.33774,./0.png
"336",fh724d,NO,NO,NA,NA,,2021/11/01,12:50:38,25.68323,-100.34194,./0.png
"337",ft262e,NO,NO,NA,NA,,2021/11/01,1:25:25,25.67732,-100.33968,./0.png
"338",g053vn,NO,NO,NA,NA,,2021/11/01,2:52:59,25.67686,-100.33665,./0.png
"339",g091xy,NO,NO,NA,NA,,2021/11/01,2:06:20,25.67633,-100.33883,./0.png
"340",g202jn,NO,NO,NA,NA,,2021/11/01,12:03:05,25.67627,-100.34192,./0.png
"341",g5t910,NO,NO,NA,NA,,2021/11/01,2:30:35,25.67774,-100.33819,./0.png
"342",g669xr,NO,NO,NA,NA,ok,2021/11/01,1:50:11,25.68269,-100.34591,./0.png
"343",g671le,NO,NO,NA,C5-SinSello,,2021/11/01,12:43:52,25.68287,-100.34367,./0.png
"344",g671le,NO,NO,NA,C5-SinSello,,2021/11/01,12:47:40,25.68401,-100.34176,./0.png
"345",g726vk,NO,NO,NA,NA,,2021/11/01,2:12:40,25.6771,-100.33858,./0.png
"346",g791xp,NO,NO,NA,NA,ok,2021/11/01,1:46:45,25.68278,-100.34588,./0.png
"347",g7w176,NO,NO,NA,NA,,2021/11/01,2:19:11,25.67652,-100.33837,./0.png
"348",g9k826,NO,NO,NA,NA,,2021/11/01,2:19:56,25.67649,-100.33842,./0.png
"349",ga310l,NO,NO,NA,C5-SinSello,,2021/11/01,1:14:11,25.68221,-100.34444,./0.png
"350",ga605l,NO,NO,NA,NA,,2021/11/01,1:13:37,25.67702,-100.34075,./0.png
"351",ga771p,NO,NO,NA,NA,,2021/11/01,1:16:02,25.67766,-100.34083,./0.png
"352",h3c716,NO,NO,NA,NA,,2021/11/01,2:27:10,25.67694,-100.33829,./0.png
"353",h5a119,NO,NO,NA,NA,,2021/11/01,2:26:56,25.6769,-100.33835,./0.png
"354",j096dp,NO,NO,NA,NA,,2021/11/01,1:52:22,25.68219,-100.34561,./0.png
"355",j185dp,NO,NO,NA,NA,,2021/11/01,2:29:18,25.67731,-100.33822,./0.png
"356",j194rp,NO,NO,NA,NA,,2021/11/01,2:40:20,25.6771,-100.33802,./0.png
"357",j3827x,NO,NO,NA,NA,,2021/11/01,12:38:16,25.68378,-100.34254,./0.png
"358",j402dg,NO,NO,NA,NA,,2021/11/01,2:13:04,25.6771,-100.33842,./0.png
"359",j416lh,NO,NO,NA,C5-SinSello,,2021/11/01,12:35:02,25.68381,-100.34271,./0.png
"360",j589dk,NO,NO,NA,C5-SinSello,,2021/11/01,1:05:36,25.68229,-100.34383,./0.png
"361",j832db,NO,NO,NA,NA,,2021/11/01,1:20:05,25.67743,-100.34051,./0.png
"362",j906g5,NO,NO,NA,NA,,2021/11/01,1:02:43,25.68211,-100.34311,./0.png
"363",j968na,NO,NO,NA,NA,,2021/11/01,12:31:59,25.68405,-100.34249,./0.png
"364",j969kw,NO,NO,NA,NA,,2021/11/01,2:52:14,25.67714,-100.33734,./0.png
"365",j976la,NO,NO,NA,NA,,2021/11/01,1:13:15,25.67702,-100.34075,./0.png
"366",jp4999,NO,NO,NA,NA,,2021/11/01,1:26:22,25.67721,-100.33952,./0.png
"367",k351x0,NO,NO,NA,NA,,2021/11/01,2:10:40,25.6771,-100.33878,./0.png
"368",l46h43,NO,NO,NA,NA,,2021/11/01,2:50:26,25.67704,-100.33737,./0.png
"369",l71b94,NO,NO,NA,NA,,2021/11/01,1:11:49,25.68244,-100.34405,./0.png
"370",m038lf,NO,NO,NA,NA,ok,2021/11/01,1:51:34,25.68187,-100.34594,./0.png
"371",m045lk,NO,SI,NA,NA,ok,2021/11/01,2:02:44,25.68208,-100.34527,./0.png
"372",m071lj,NO,SI,NA,NA,,2021/11/01,12:05:37,25.67721,-100.34195,./0.png
"373",m113lf,NO,SI,NA,NA,,2021/11/01,2:50:47,25.67704,-100.33737,./0.png
"374",m235lj,NO,SI,NA,NA,ok,2021/11/01,12:37:30,25.68345,-100.34191,./0.png
"375",m247mc,NO,NO,NA,NA,,2021/11/01,1:52:09,25.68219,-100.34561,./0.png
"376",m718mc,NO,NO,NA,NA,,2021/11/01,1:25:22,25.67713,-100.33978,./0.png
"377",m810ll,NO,SI,NA,NA,,2021/11/01,12:02:22,25.67618,-100.34195,./0.png
"378",mm328y,NO,NO,NA,C5-SinSello,,2021/11/01,12:40:47,25.68301,-100.34403,./0.png
"379",mm328y,NO,NO,NA,C5-SinSello,,2021/11/01,12:49:39,25.68301,-100.34339,./0.png
"380",mn136x,NO,NO,NA,NA,ok,2021/11/01,12:32:20,25.68363,-100.34305,./0.png
"381",mn870x,NO,NO,NA,NA,,2021/11/01,12:41:53,25.68328,-100.34187,./0.png
"382",mp245v,NO,NO,NA,NA,,2021/11/01,1:43:21,25.67788,-100.33846,./0.png
"383",mp248v,NO,NO,NA,C5-SinSello,,2021/11/01,12:38:49,25.68342,-100.34174,./0.png
"384",mp261v,NO,NO,NA,NA,ok,2021/11/01,12:39:01,25.68342,-100.34174,./0.png
"385",mp434c,NO,NO,NA,NA,ok,2021/11/01,1:09:35,25.68232,-100.34487,./0.png
"386",mr489b,NO,NO,NA,NA,ok,2021/11/01,12:39:26,25.68342,-100.34174,./0.png
"387",mt066b,NO,NO,NA,NA,ok,2021/11/01,12:54:32,25.6816,-100.34417,./0.png
"388",mt156d,NO,NO,NA,NA,,2021/11/01,1:43:09,25.67788,-100.33846,./0.png
"389",mt412h,NO,NO,NA,NA,,2021/11/01,1:43:27,25.67807,-100.33834,./0.png
"390",mt431h,NO,NO,NA,NA,,2021/11/01,1:43:38,25.67788,-100.33846,./0.png
"391",n165bc,NO,NO,NA,NA,ok,2021/11/01,1:51:44,25.68211,-100.34582,./0.png
"392",n167bc,NO,NO,NA,NA,,2021/11/01,1:54:47,25.68205,-100.34586,./0.png
"393",n187fa,NO,NO,NA,NA,,2021/11/01,2:26:32,25.67686,-100.33815,./0.png
"394",n426bc,NO,NO,NA,NA,,2021/11/01,1:27:27,25.67721,-100.33951,./0.png
"395",n601hh,NO,NO,NA,NA,,2021/11/01,12:42:07,25.68342,-100.34161,./0.png
"396",n8r510,NO,NO,NA,NA,,2021/11/01,2:27:45,25.67694,-100.33829,./0.png
"397",n903bj,NO,NO,NA,C5-SinSello,,2021/11/01,12:44:01,25.68287,-100.34367,./0.png
"398",n903bj,NO,NO,NA,C5-SinSello,,2021/11/01,12:47:31,25.68401,-100.34176,./0.png
"399",n956hj,NO,NO,NA,NA,,2021/11/01,1:14:18,25.67733,-100.34075,./0.png
"400",nv,NO,NO,NA,M-Obsoleto,número no visible,2021/11/01,12:50:19,25.68194,-100.34325,./0.png
"401",nv,NO,NO,NA,NA,,2021/11/01,2:29:34,25.67757,-100.33832,./0.png
"402",nv,NO,NO,NA,NA,ilegible,2021/11/01,1:31:03,25.67755,-100.3394,./0.png
"403",nv,NO,NO,NA,NA,ilegible,2021/11/01,1:40:20,25.67804,-100.33879,./0.png
"404",nv,NO,NO,NA,NA,no visible placa,2021/11/01,12:40:36,25.68418,-100.3424,./0.png
"405",nv,NO,NO,NA,NA,placa quemada,2021/11/01,1:59:21,25.68181,-100.34521,./0.png
"406",nv,NO,NO,NA,NA,servicio de media tensión bajo llave,2021/11/01,1:55:30,25.68173,-100.34668,./0.png
"407",nv,NO,NO,NA,NA,vec 6b760k es concentración son 3,2021/11/01,1:44:58,25.67783,-100.33863,./0.png
"408",p0c912,NO,NO,NA,NA,,2021/11/01,2:40:20,25.67713,-100.33803,./0.png
"409",p266hn,NO,NO,NA,NA,,2021/11/01,1:39:36,25.67804,-100.33879,./0.png
"410",p349hn,NO,NO,NA,NA,,2021/11/01,1:39:07,25.67809,-100.3387,./0.png
"411",p582hn,NO,NO,NA,NA,,2021/11/01,2:47:09,25.67693,-100.33772,./0.png
"412",p5g989,NO,NO,NA,NA,,2021/11/01,2:30:48,25.67764,-100.33812,./0.png
"413",p6l250,NO,NO,NA,C5-SinSello,,2021/11/01,12:34:41,25.68381,-100.34271,./0.png
"414",p829hm,NO,NO,NA,NA,,2021/11/01,2:47:56,25.6772,-100.33765,./0.png
"415",p8d746,NO,NO,NA,NA,,2021/11/01,2:30:22,25.67774,-100.33819,./0.png
"416",p8u271,NO,NO,NA,NA,,2021/11/01,2:40:31,25.67712,-100.33784,./0.png
"417",p8u271,NO,NO,NA,NA,,2021/11/01,2:41:46,25.67705,-100.33783,./0.png
"418",pb047a,NO,NO,NA,NA,,2021/11/01,2:12:08,25.67718,-100.33878,./0.png
"419",pf594l,NO,NO,NA,NA,,2021/11/01,1:33:40,25.67726,-100.33918,./0.png
"420",pf815t,NO,NO,NA,NA,,2021/11/01,2:47:10,25.67742,-100.33783,./0.png
"421",pk588a,NO,NO,NA,NA,,2021/11/01,1:48:23,25.68287,-100.346,./0.png
"422",pk792e,NO,NO,NA,NA,,2021/11/01,1:17:18,25.68249,-100.34452,./0.png
"423",pl453j,NO,SI,NA,NA,ok,2021/11/01,1:55:07,25.68192,-100.34618,./0.png
"424",pl992k,NO,SI,NA,NA,,2021/11/01,1:17:33,25.6777,-100.34084,./0.png
"425",r320yf,NO,NO,NA,NA,,2021/11/01,1:48:42,25.68287,-100.346,./0.png
"426",r522yf,NO,NO,NA,NA,,2021/11/01,2:45:57,25.67758,-100.33772,./0.png
"427",r606en,NO,NO,NA,C5-SinSello,,2021/11/01,1:54:26,25.68155,-100.3465,./0.png
"428",r705yg,NO,NO,NA,C5-SinSello,,2021/11/01,12:55:19,25.6816,-100.34417,./0.png
"429",r839yg,NO,NO,NA,C5-SinSello,,2021/11/01,1:45:40,25.68278,-100.34588,./0.png
"430",r900ye,NO,NO,NA,NA,ok,2021/11/01,1:46:10,25.68278,-100.34589,./0.png
"431",r9p074,NO,NO,NA,NA,,2021/11/01,1:39:02,25.67796,-100.33876,./0.png
"432",t017t2,NO,NO,NA,NA,,2021/11/01,2:27:49,25.67697,-100.33824,./0.png
"433",t038tf,NO,NO,NA,NA,ok,2021/11/01,1:51:19,25.68269,-100.34591,./0.png
"434",t594ta,NO,NO,NA,NA,,2021/11/01,2:51:57,25.67686,-100.33665,./0.png
"435",t833ta,NO,NO,NA,C5-SinSello,,2021/11/01,12:33:10,25.68343,-100.34307,./0.png
"436",t85y56,NO,NO,NA,NA,,2021/11/01,1:16:16,25.67766,-100.34083,./0.png
"437",t883ut,NO,NO,NA,NA,,2021/11/01,1:17:31,25.67814,-100.34079,./0.png
"438",td4699,NO,NO,NA,NA,,2021/11/01,2:44:24,25.67678,-100.33771,./0.png
"439",tp6877,NO,NO,NA,NA,,2021/11/01,2:44:49,25.67659,-100.33786,./0.png
"440",u28d84,NO,NO,NA,NA,ok,2021/11/01,12:53:39,25.68269,-100.3437,./0.png
"441",u883am,NO,NO,NA,NA,,2021/11/01,2:51:40,25.67714,-100.33734,./0.png
"442",w089hk,NO,NO,NA,NA,ok,2021/11/01,12:30:05,25.68396,-100.34295,./0.png
"443",w364hk,NO,NO,NA,NA,,2021/11/01,2:29:10,25.67727,-100.33821,./0.png
"444",w384c7,NO,NO,NA,NA,,2021/11/01,2:10:22,25.6771,-100.33878,./0.png
"445",w386hw,NO,NO,NA,NA,,2021/11/01,12:41:40,25.68328,-100.34187,./0.png
"446",w476hw,NO,NO,NA,NA,ok,2021/11/01,12:38:03,25.68345,-100.34191,./0.png
"447",x469yb,NO,NO,NA,NA,ok,2021/11/01,12:38:54,25.68292,-100.34356,./0.png
"448",x475x8,NO,NO,NA,NA,,2021/11/01,1:21:18,25.67724,-100.34037,./0.png
"449",x581pm,NO,NO,NA,NA,,2021/11/01,1:51:53,25.67771,-100.33875,./0.png
"450",x727yb,NO,NO,NA,C5-SinSello,,2021/11/01,1:00:35,25.68193,-100.34259,./0.png
"451",x763nt,NO,NO,NA,NA,,2021/11/01,12:38:50,25.68378,-100.3426,./0.png
"452",x7y689,NO,NO,NA,NA,,2021/11/01,1:10:30,25.68225,-100.34347,./0.png
"453",x9934u,NO,NO,NA,NA,,2021/11/01,2:30:52,25.67771,-100.33806,./0.png
"454",y0899l,NO,NO,NA,NA,,2021/11/01,12:49:59,25.68323,-100.34194,./0.png
"455",y139hb,NO,NO,NA,C5-SinSello,,2021/11/01,12:56:17,25.68221,-100.34237,./0.png
"456",y143hb,NO,NO,NA,C5-SinSello,,2021/11/01,12:56:02,25.68221,-100.34237,./0.png
"457",y24r62,NO,NO,NA,NA,,2021/11/01,12:37:29,25.68378,-100.34254,./0.png
"458",y2725f,NO,NO,NA,NA,,2021/11/01,12:35:19,25.68402,-100.34264,./0.png
"459",y357gm,NO,NO,NA,NA,,2021/11/01,12:44:27,25.68344,-100.34144,./0.png
"460",y4a866,NO,NO,NA,NA,,2021/11/01,1:26:57,25.67713,-100.33978,./0.png
"461",y5434e,NO,NO,NA,NA,,2021/11/01,1:03:03,25.68211,-100.34311,./0.png
"462",y6211f,NO,NO,NA,NA,,2021/11/01,2:41:20,25.67706,-100.33786,./0.png
"463",y633c1,NO,NO,NA,M-Obsoleto,,2021/11/01,12:32:36,25.68363,-100.34305,./0.png
"464",y6804k,NO,NO,NA,M-Obsoleto,,2021/11/01,12:35:30,25.68381,-100.34271,./0.png
"465",y706l3,NO,NO,NA,C5-SinSello,,2021/11/01,12:55:37,25.68217,-100.3427,./0.png
"466",y7977k,NO,NO,NA,M-Obsoleto,,2021/11/01,12:46:01,25.68245,-100.34321,./0.png
"467",y812fe,NO,NO,NA,C5-SinSello,,2021/11/01,1:02:01,25.68196,-100.343,./0.png
